[
    {
        "name": "Volkswagen GTR",
        "img": "https: //i.ibb.co/SPqnRV5/best-01.jpg",
        "descliption": "Lorem ipsum, dolor sit amet consectetur adipisicing elit. Aliquid maxime aut ut voluptate dolorum nisi ducimus ratione Lorem ipsum, dolor sit amet consectetur adipisicing elit. Aliquid maxime aut ut voluptate dolorum nisi ducimus ratione Lorem ipsum, dolor sit amet consectetur adipisicing elit. Aliquid maxime aut ut voluptate dolorum nisi ducimus ratione Lorem ipsum, dolor sit amet consectetur adipisicing elit. Aliquid maxime aut ut voluptate dolorum nisi ducimus ratione Lorem ipsum, dolor sit amet consectetur adipisicing elit. Aliquid maxime aut ut voluptate dolorum nisi ducimus ratione"
    },
    {
        "name": "Audi Sport S8",
        "img": "https: //i.ibb.co/KX7Qbdn/best-02.jpg",
        "descliption": "Lorem ipsum, dolor sit amet consectetur adipisicing elit. Aliquid maxime aut ut voluptate dolorum nisi ducimus ratione Lorem ipsum, dolor sit amet consectetur adipisicing elit. Aliquid maxime aut ut voluptate dolorum nisi ducimus ratione Lorem ipsum, dolor sit amet consectetur adipisicing elit. Aliquid maxime aut ut voluptate dolorum nisi ducimus ratione Lorem ipsum, dolor sit amet consectetur adipisicing elit. Aliquid maxime aut ut voluptate dolorum nisi ducimus ratione Lorem ipsum, dolor sit amet consectetur adipisicing elit. Aliquid maxime aut ut voluptate dolorum nisi ducimus ratione"
    },
    {
        "name": "Bugatti Veyron F2 ",
        "img": "https: //i.ibb.co/SBpTy7j/best-03.jpg",
        "descliption": "Lorem ipsum, dolor sit amet consectetur adipisicing elit. Aliquid maxime aut ut voluptate dolorum nisi ducimus ratione Lorem ipsum, dolor sit amet consectetur adipisicing elit. Aliquid maxime aut ut voluptate dolorum nisi ducimus ratione Lorem ipsum, dolor sit amet consectetur adipisicing elit. Aliquid maxime aut ut voluptate dolorum nisi ducimus ratione Lorem ipsum, dolor sit amet consectetur adipisicing elit. Aliquid maxime aut ut voluptate dolorum nisi ducimus ratione Lorem ipsum, dolor sit amet consectetur adipisicing elit. Aliquid maxime aut ut voluptate dolorum nisi ducimus ratione"
    },
    {
        "name": "Mercedes Benz R3",
        "img": "https: //i.ibb.co/60g8vdv/best-04.jpg",
        "descliption": "Lorem ipsum, dolor sit amet consectetur adipisicing elit. Aliquid maxime aut ut voluptate dolorum nisi ducimus ratione Lorem ipsum, dolor sit amet consectetur adipisicing elit. Aliquid maxime aut ut voluptate dolorum nisi ducimus ratione Lorem ipsum, dolor sit amet consectetur adipisicing elit. Aliquid maxime aut ut voluptate dolorum nisi ducimus ratione Lorem ipsum, dolor sit amet consectetur adipisicing elit. Aliquid maxime aut ut voluptate dolorum nisi ducimus ratione Lorem ipsum, dolor sit amet consectetur adipisicing elit. Aliquid maxime aut ut voluptate dolorum nisi ducimus ratione"
    },
    {
        "name": "Toyota Avanza RX",
        "img": "https: //i.ibb.co/stWWWVz/best-05.jpg",
        "descliption": "Lorem ipsum, dolor sit amet consectetur adipisicing elit. Aliquid maxime aut ut voluptate dolorum nisi ducimus ratione Lorem ipsum, dolor sit amet consectetur adipisicing elit. Aliquid maxime aut ut voluptate dolorum nisi ducimus ratione Lorem ipsum, dolor sit amet consectetur adipisicing elit. Aliquid maxime aut ut voluptate dolorum nisi ducimus ratione Lorem ipsum, dolor sit amet consectetur adipisicing elit. Aliquid maxime aut ut voluptate dolorum nisi ducimus ratione Lorem ipsum, dolor sit amet consectetur adipisicing elit. Aliquid maxime aut ut voluptate dolorum nisi ducimus ratione"
    },
    {
        "name": "Chevrolet GTR",
        "img": "https: //i.ibb.co/g94yGhD/best-06.jpg",
        "descliption": "Lorem ipsum, dolor sit amet consectetur adipisicing elit. Aliquid maxime aut ut voluptate dolorum nisi ducimus ratione Lorem ipsum, dolor sit amet consectetur adipisicing elit. Aliquid maxime aut ut voluptate dolorum nisi ducimus ratione Lorem ipsum, dolor sit amet consectetur adipisicing elit. Aliquid maxime aut ut voluptate dolorum nisi ducimus ratione Lorem ipsum, dolor sit amet consectetur adipisicing elit. Aliquid maxime aut ut voluptate dolorum nisi ducimus ratione Lorem ipsum, dolor sit amet consectetur adipisicing elit. Aliquid maxime aut ut voluptate dolorum nisi ducimus ratione"
    },
    {
        "name": "Ford Motor",
        "img": "https: //i.ibb.co/stWWWVz/best-05.jpg",
        "descliption": "Lorem ipsum, dolor sit amet consectetur adipisicing elit. Aliquid maxime aut ut voluptate dolorum nisi ducimus ratione Lorem ipsum, dolor sit amet consectetur adipisicing elit. Aliquid maxime aut ut voluptate dolorum nisi ducimus ratione Lorem ipsum, dolor sit amet consectetur adipisicing elit. Aliquid maxime aut ut voluptate dolorum nisi ducimus ratione Lorem ipsum, dolor sit amet consectetur adipisicing elit. Aliquid maxime aut ut voluptate dolorum nisi ducimus ratione Lorem ipsum, dolor sit amet consectetur adipisicing elit. Aliquid maxime aut ut voluptate dolorum nisi ducimus ratione"
    },
    {
        "name": "Hyundai Z.E",
        "img": "https: //i.ibb.co/SBpTy7j/best-03.jpg",
        "descliption": "Lorem ipsum, dolor sit amet consectetur adipisicing elit. Aliquid maxime aut ut voluptate dolorum nisi ducimus ratione Lorem ipsum, dolor sit amet consectetur adipisicing elit. Aliquid maxime aut ut voluptate dolorum nisi ducimus ratione Lorem ipsum, dolor sit amet consectetur adipisicing elit. Aliquid maxime aut ut voluptate dolorum nisi ducimus ratione Lorem ipsum, dolor sit amet consectetur adipisicing elit. Aliquid maxime aut ut voluptate dolorum nisi ducimus ratione Lorem ipsum, dolor sit amet consectetur adipisicing elit. Aliquid maxime aut ut voluptate dolorum nisi ducimus ratione"
    },
    {
        "name": "Audi R8",
        "img": "https: //i.ibb.co/60g8vdv/best-04.jpg",
        "descliption": "Lorem ipsum, dolor sit amet consectetur adipisicing elit. Aliquid maxime aut ut voluptate dolorum nisi ducimus ratione Lorem ipsum, dolor sit amet consectetur adipisicing elit. Aliquid maxime aut ut voluptate dolorum nisi ducimus ratione Lorem ipsum, dolor sit amet consectetur adipisicing elit. Aliquid maxime aut ut voluptate dolorum nisi ducimus ratione Lorem ipsum, dolor sit amet consectetur adipisicing elit. Aliquid maxime aut ut voluptate dolorum nisi ducimus ratione Lorem ipsum, dolor sit amet consectetur adipisicing elit. Aliquid maxime aut ut voluptate dolorum nisi ducimus ratione"
    },
    {
        "name": "Daimler",
        "img": "https: //i.ibb.co/SPqnRV5/best-01.jpg",
        "descliption": "Lorem ipsum, dolor sit amet consectetur adipisicing elit. Aliquid maxime aut ut voluptate dolorum nisi ducimus ratione Lorem ipsum, dolor sit amet consectetur adipisicing elit. Aliquid maxime aut ut voluptate dolorum nisi ducimus ratione Lorem ipsum, dolor sit amet consectetur adipisicing elit. Aliquid maxime aut ut voluptate dolorum nisi ducimus ratione Lorem ipsum, dolor sit amet consectetur adipisicing elit. Aliquid maxime aut ut voluptate dolorum nisi ducimus ratione Lorem ipsum, dolor sit amet consectetur adipisicing elit. Aliquid maxime aut ut voluptate dolorum nisi ducimus ratione"
    }
]